timeStamp,elapsed,label,responseCode,responseMessage,threadName,dataType,success,failureMessage,bytes,sentBytes,grpThreads,allThreads,URL,Latency,IdleTime,Connect
1600000956939,29,Home Page,200,,Scenario 1 1-1,text,true,,517,318,1,1,http://localhost:8080/actuator,27,0,18
1600000957089,54,Page Returning 404,200,,Scenario 1 1-1,text,false,"Test failed: code expected to equal /

****** received  : [[[200]]]

****** comparison: [[[404]]]

/",215,325,1,1,http://localhost:8080/actuator/health,54,0,0
1600000957147,8,Home Page,200,,Scenario 1 1-1,text,true,,517,318,1,1,http://localhost:8080/actuator,8,0,0
1600000957280,3,Page Returning 404,200,,Scenario 1 1-1,text,false,"Test failed: code expected to equal /

****** received  : [[[200]]]

****** comparison: [[[404]]]

/",215,325,1,1,http://localhost:8080/actuator/health,3,0,0
1600000957284,3,Home Page,200,,Scenario 1 1-1,text,true,,517,318,1,1,http://localhost:8080/actuator,3,0,0
1600000957422,3,Page Returning 404,200,,Scenario 1 1-1,text,false,"Test failed: code expected to equal /

****** received  : [[[200]]]

****** comparison: [[[404]]]

/",215,325,1,1,http://localhost:8080/actuator/health,3,0,0
1600000957426,3,Home Page,200,,Scenario 1 1-1,text,true,,517,318,1,1,http://localhost:8080/actuator,3,0,0
1600000957603,12,Page Returning 404,200,,Scenario 1 1-1,text,false,"Test failed: code expected to equal /

****** received  : [[[200]]]

****** comparison: [[[404]]]

/",215,325,1,1,http://localhost:8080/actuator/health,11,0,0
1600000957616,10,Home Page,200,,Scenario 1 1-1,text,true,,517,318,1,1,http://localhost:8080/actuator,10,0,0
1600000957748,3,Page Returning 404,200,,Scenario 1 1-1,text,false,"Test failed: code expected to equal /

****** received  : [[[200]]]

****** comparison: [[[404]]]

/",215,325,1,1,http://localhost:8080/actuator/health,3,0,0
1600000957752,3,Home Page,200,,Scenario 1 1-1,text,true,,517,318,1,1,http://localhost:8080/actuator,3,0,0
1600000957886,10,Home Page,200,,Scenario 1 1-2,text,true,,517,318,2,2,http://localhost:8080/actuator,10,0,2
1600000957948,10,Page Returning 404,200,,Scenario 1 1-1,text,false,"Test failed: code expected to equal /

****** received  : [[[200]]]

****** comparison: [[[404]]]

/",215,325,2,2,http://localhost:8080/actuator/health,10,0,0
1600000957960,9,Home Page,200,,Scenario 1 1-1,text,true,,517,318,2,2,http://localhost:8080/actuator,9,0,0
1600000958020,10,Page Returning 404,200,,Scenario 1 1-2,text,false,"Test failed: code expected to equal /

****** received  : [[[200]]]

****** comparison: [[[404]]]

/",215,325,2,2,http://localhost:8080/actuator/health,9,0,0
1600000958032,12,Home Page,200,,Scenario 1 1-2,text,true,,517,318,2,2,http://localhost:8080/actuator,11,0,0
1600000958091,11,Page Returning 404,200,,Scenario 1 1-1,text,false,"Test failed: code expected to equal /

****** received  : [[[200]]]

****** comparison: [[[404]]]

/",215,325,2,2,http://localhost:8080/actuator/health,10,0,0
1600000958104,9,Home Page,200,,Scenario 1 1-1,text,true,,517,318,2,2,http://localhost:8080/actuator,8,0,0
1600000958163,9,Page Returning 404,200,,Scenario 1 1-2,text,false,"Test failed: code expected to equal /

****** received  : [[[200]]]

****** comparison: [[[404]]]

/",215,325,2,2,http://localhost:8080/actuator/health,8,0,0
1600000958173,7,Home Page,200,,Scenario 1 1-2,text,true,,517,318,2,2,http://localhost:8080/actuator,6,0,0
1600000958265,12,Page Returning 404,200,,Scenario 1 1-1,text,false,"Test failed: code expected to equal /

****** received  : [[[200]]]

****** comparison: [[[404]]]

/",215,325,2,2,http://localhost:8080/actuator/health,11,0,0
1600000958279,8,Home Page,200,,Scenario 1 1-1,text,true,,517,318,2,2,http://localhost:8080/actuator,7,0,0
1600000958291,10,Page Returning 404,200,,Scenario 1 1-2,text,false,"Test failed: code expected to equal /

****** received  : [[[200]]]

****** comparison: [[[404]]]

/",215,325,2,2,http://localhost:8080/actuator/health,9,0,0
1600000958302,8,Home Page,200,,Scenario 1 1-2,text,true,,517,318,2,2,http://localhost:8080/actuator,8,0,0
1600000958432,9,Page Returning 404,200,,Scenario 1 1-1,text,false,"Test failed: code expected to equal /

****** received  : [[[200]]]

****** comparison: [[[404]]]

/",215,325,2,2,http://localhost:8080/actuator/health,8,0,0
1600000958442,9,Home Page,200,,Scenario 1 1-1,text,true,,517,318,2,2,http://localhost:8080/actuator,9,0,0
1600000958477,9,Page Returning 404,200,,Scenario 1 1-2,text,false,"Test failed: code expected to equal /

****** received  : [[[200]]]

****** comparison: [[[404]]]

/",215,325,2,2,http://localhost:8080/actuator/health,8,0,0
1600000958488,8,Home Page,200,,Scenario 1 1-2,text,true,,517,318,2,2,http://localhost:8080/actuator,8,0,0
1600000958600,9,Page Returning 404,200,,Scenario 1 1-2,text,false,"Test failed: code expected to equal /

****** received  : [[[200]]]

****** comparison: [[[404]]]

/",215,325,2,2,http://localhost:8080/actuator/health,9,0,0
1600000958611,8,Home Page,200,,Scenario 1 1-2,text,true,,517,318,2,2,http://localhost:8080/actuator,7,0,0
1600000958608,12,Page Returning 404,200,,Scenario 1 1-1,text,false,"Test failed: code expected to equal /

****** received  : [[[200]]]

****** comparison: [[[404]]]

/",215,325,2,2,http://localhost:8080/actuator/health,12,0,0
1600000958623,10,Home Page,200,,Scenario 1 1-1,text,true,,517,318,2,2,http://localhost:8080/actuator,9,0,0
1600000958804,13,Page Returning 404,200,,Scenario 1 1-1,text,false,"Test failed: code expected to equal /

****** received  : [[[200]]]

****** comparison: [[[404]]]

/",215,325,2,2,http://localhost:8080/actuator/health,12,0,0
1600000958819,8,Home Page,200,,Scenario 1 1-1,text,true,,517,318,2,2,http://localhost:8080/actuator,8,0,0
1600000958819,8,Page Returning 404,200,,Scenario 1 1-2,text,false,"Test failed: code expected to equal /

****** received  : [[[200]]]

****** comparison: [[[404]]]

/",215,325,2,2,http://localhost:8080/actuator/health,8,0,0
1600000958830,4,Home Page,200,,Scenario 1 1-2,text,true,,517,318,2,2,http://localhost:8080/actuator,4,0,0
1600000958882,8,Home Page,200,,Scenario 1 1-3,text,true,,517,318,3,3,http://localhost:8080/actuator,8,0,2
1600000959000,9,Page Returning 404,200,,Scenario 1 1-2,text,false,"Test failed: code expected to equal /

****** received  : [[[200]]]

****** comparison: [[[404]]]

/",215,325,3,3,http://localhost:8080/actuator/health,8,0,0
1600000959011,7,Home Page,200,,Scenario 1 1-2,text,true,,517,318,3,3,http://localhost:8080/actuator,7,0,0
1600000959028,8,Page Returning 404,200,,Scenario 1 1-1,text,false,"Test failed: code expected to equal /

****** received  : [[[200]]]

****** comparison: [[[404]]]

/",215,325,3,3,http://localhost:8080/actuator/health,8,0,0
1600000959038,11,Page Returning 404,200,,Scenario 1 1-3,text,false,"Test failed: code expected to equal /

****** received  : [[[200]]]

****** comparison: [[[404]]]

/",215,325,3,3,http://localhost:8080/actuator/health,11,0,0
1600000959039,11,Home Page,200,,Scenario 1 1-1,text,true,,517,318,3,3,http://localhost:8080/actuator,10,0,0
1600000959051,5,Home Page,200,,Scenario 1 1-3,text,true,,517,318,3,3,http://localhost:8080/actuator,5,0,0
1600000959147,8,Page Returning 404,200,,Scenario 1 1-2,text,false,"Test failed: code expected to equal /

****** received  : [[[200]]]

****** comparison: [[[404]]]

/",215,325,3,3,http://localhost:8080/actuator/health,8,0,0
1600000959157,7,Home Page,200,,Scenario 1 1-2,text,true,,517,318,3,3,http://localhost:8080/actuator,6,0,0
1600000959175,6,Page Returning 404,200,,Scenario 1 1-3,text,false,"Test failed: code expected to equal /

****** received  : [[[200]]]

****** comparison: [[[404]]]

/",215,325,3,3,http://localhost:8080/actuator/health,5,0,0
1600000959182,3,Home Page,200,,Scenario 1 1-3,text,true,,517,318,3,3,http://localhost:8080/actuator,3,0,0
1600000959197,4,Page Returning 404,200,,Scenario 1 1-1,text,false,"Test failed: code expected to equal /

****** received  : [[[200]]]

****** comparison: [[[404]]]

/",215,325,3,3,http://localhost:8080/actuator/health,4,0,0
1600000959202,3,Home Page,200,,Scenario 1 1-1,text,true,,517,318,3,3,http://localhost:8080/actuator,3,0,0
1600000959337,8,Page Returning 404,200,,Scenario 1 1-2,text,false,"Test failed: code expected to equal /

****** received  : [[[200]]]

****** comparison: [[[404]]]

/",215,325,3,3,http://localhost:8080/actuator/health,7,0,0
1600000959347,6,Home Page,200,,Scenario 1 1-2,text,true,,517,318,3,3,http://localhost:8080/actuator,6,0,0
1600000959367,7,Page Returning 404,200,,Scenario 1 1-3,text,false,"Test failed: code expected to equal /

****** received  : [[[200]]]

****** comparison: [[[404]]]

/",215,325,3,3,http://localhost:8080/actuator/health,7,0,0
1600000959376,8,Home Page,200,,Scenario 1 1-3,text,true,,517,318,3,3,http://localhost:8080/actuator,7,0,0
1600000959392,4,Page Returning 404,200,,Scenario 1 1-1,text,false,"Test failed: code expected to equal /

****** received  : [[[200]]]

****** comparison: [[[404]]]

/",215,325,3,3,http://localhost:8080/actuator/health,4,0,0
1600000959397,3,Home Page,200,,Scenario 1 1-1,text,true,,517,318,3,3,http://localhost:8080/actuator,2,0,0
1600000959498,9,Page Returning 404,200,,Scenario 1 1-2,text,false,"Test failed: code expected to equal /

****** received  : [[[200]]]

****** comparison: [[[404]]]

/",215,325,3,3,http://localhost:8080/actuator/health,8,0,0
1600000959509,6,Home Page,200,,Scenario 1 1-2,text,true,,517,318,3,3,http://localhost:8080/actuator,6,0,0
1600000959558,8,Page Returning 404,200,,Scenario 1 1-3,text,false,"Test failed: code expected to equal /

****** received  : [[[200]]]

****** comparison: [[[404]]]

/",215,325,3,3,http://localhost:8080/actuator/health,7,0,0
1600000959567,7,Home Page,200,,Scenario 1 1-3,text,true,,517,318,3,3,http://localhost:8080/actuator,6,0,0
1600000959576,7,Page Returning 404,200,,Scenario 1 1-1,text,false,"Test failed: code expected to equal /

****** received  : [[[200]]]

****** comparison: [[[404]]]

/",215,325,3,3,http://localhost:8080/actuator/health,7,0,0
1600000959584,6,Home Page,200,,Scenario 1 1-1,text,true,,517,318,3,3,http://localhost:8080/actuator,6,0,0
1600000959683,11,Page Returning 404,200,,Scenario 1 1-3,text,false,"Test failed: code expected to equal /

****** received  : [[[200]]]

****** comparison: [[[404]]]

/",215,325,3,3,http://localhost:8080/actuator/health,10,0,0
1600000959686,8,Page Returning 404,200,,Scenario 1 1-2,text,false,"Test failed: code expected to equal /

****** received  : [[[200]]]

****** comparison: [[[404]]]

/",215,325,3,3,http://localhost:8080/actuator/health,7,0,0
1600000959696,9,Home Page,200,,Scenario 1 1-3,text,true,,517,318,3,3,http://localhost:8080/actuator,9,0,0
1600000959696,14,Home Page,200,,Scenario 1 1-2,text,true,,517,318,3,3,http://localhost:8080/actuator,14,0,0
1600000959703,10,Page Returning 404,200,,Scenario 1 1-1,text,false,"Test failed: code expected to equal /

****** received  : [[[200]]]

****** comparison: [[[404]]]

/",215,325,3,3,http://localhost:8080/actuator/health,9,0,0
1600000959716,8,Home Page,200,,Scenario 1 1-1,text,true,,517,318,3,3,http://localhost:8080/actuator,7,0,0
1600000959879,9,Page Returning 404,200,,Scenario 1 1-3,text,false,"Test failed: code expected to equal /

****** received  : [[[200]]]

****** comparison: [[[404]]]

/",215,325,4,4,http://localhost:8080/actuator/health,8,0,0
1600000959883,10,Home Page,200,,Scenario 1 1-4,text,true,,517,318,4,4,http://localhost:8080/actuator,9,0,2
1600000959886,9,Page Returning 404,200,,Scenario 1 1-2,text,false,"Test failed: code expected to equal /

****** received  : [[[200]]]

****** comparison: [[[404]]]

/",215,325,4,4,http://localhost:8080/actuator/health,9,0,0
1600000959890,6,Home Page,200,,Scenario 1 1-3,text,true,,517,318,4,4,http://localhost:8080/actuator,5,0,0
1600000959897,7,Home Page,200,,Scenario 1 1-2,text,true,,517,318,4,4,http://localhost:8080/actuator,6,0,0
1600000959905,7,Page Returning 404,200,,Scenario 1 1-1,text,false,"Test failed: code expected to equal /

****** received  : [[[200]]]

****** comparison: [[[404]]]

/",215,325,4,4,http://localhost:8080/actuator/health,6,0,0
1600000959914,6,Home Page,200,,Scenario 1 1-1,text,true,,517,318,4,4,http://localhost:8080/actuator,6,0,0
1600000960037,10,Page Returning 404,200,,Scenario 1 1-2,text,false,"Test failed: code expected to equal /

****** received  : [[[200]]]

****** comparison: [[[404]]]

/",215,325,4,4,http://localhost:8080/actuator/health,9,0,0
1600000960048,8,Home Page,200,,Scenario 1 1-2,text,true,,517,318,4,4,http://localhost:8080/actuator,8,0,0
1600000960041,10,Page Returning 404,200,,Scenario 1 1-4,text,false,"Test failed: code expected to equal /

****** received  : [[[200]]]

****** comparison: [[[404]]]

/",215,325,4,4,http://localhost:8080/actuator/health,9,0,0
1600000960052,9,Page Returning 404,200,,Scenario 1 1-3,text,false,"Test failed: code expected to equal /

****** received  : [[[200]]]

****** comparison: [[[404]]]

/",215,325,4,4,http://localhost:8080/actuator/health,8,0,0
1600000960059,8,Home Page,200,,Scenario 1 1-4,text,true,,517,318,4,4,http://localhost:8080/actuator,8,0,0
1600000960063,6,Home Page,200,,Scenario 1 1-3,text,true,,517,318,4,4,http://localhost:8080/actuator,6,0,0
1600000960094,8,Page Returning 404,200,,Scenario 1 1-1,text,false,"Test failed: code expected to equal /

****** received  : [[[200]]]

****** comparison: [[[404]]]

/",215,325,4,4,http://localhost:8080/actuator/health,7,0,0
1600000960103,7,Home Page,200,,Scenario 1 1-1,text,true,,517,318,4,4,http://localhost:8080/actuator,7,0,0
1600000960158,3,Page Returning 404,200,,Scenario 1 1-2,text,false,"Test failed: code expected to equal /

****** received  : [[[200]]]

****** comparison: [[[404]]]

/",215,325,4,4,http://localhost:8080/actuator/health,2,0,0
1600000960161,2,Home Page,200,,Scenario 1 1-2,text,true,,517,318,4,4,http://localhost:8080/actuator,2,0,0
1600000960171,2,Page Returning 404,200,,Scenario 1 1-4,text,false,"Test failed: code expected to equal /

****** received  : [[[200]]]

****** comparison: [[[404]]]

/",215,325,4,4,http://localhost:8080/actuator/health,2,0,0
1600000960174,2,Home Page,200,,Scenario 1 1-4,text,true,,517,318,4,4,http://localhost:8080/actuator,2,0,0
1600000960179,2,Page Returning 404,200,,Scenario 1 1-3,text,false,"Test failed: code expected to equal /

****** received  : [[[200]]]

****** comparison: [[[404]]]

/",215,325,4,4,http://localhost:8080/actuator/health,2,0,0
1600000960182,2,Home Page,200,,Scenario 1 1-3,text,true,,517,318,4,4,http://localhost:8080/actuator,1,0,0
1600000960244,2,Page Returning 404,200,,Scenario 1 1-1,text,false,"Test failed: code expected to equal /

****** received  : [[[200]]]

****** comparison: [[[404]]]

/",215,325,4,4,http://localhost:8080/actuator/health,2,0,0
1600000960247,2,Home Page,200,,Scenario 1 1-1,text,true,,517,318,4,4,http://localhost:8080/actuator,2,0,0
1600000960271,2,Page Returning 404,200,,Scenario 1 1-2,text,false,"Test failed: code expected to equal /

****** received  : [[[200]]]

****** comparison: [[[404]]]

/",215,325,4,4,http://localhost:8080/actuator/health,2,0,0
1600000960274,2,Home Page,200,,Scenario 1 1-2,text,true,,517,318,4,4,http://localhost:8080/actuator,2,0,0
1600000960294,2,Page Returning 404,200,,Scenario 1 1-3,text,false,"Test failed: code expected to equal /

****** received  : [[[200]]]

****** comparison: [[[404]]]

/",215,325,4,4,http://localhost:8080/actuator/health,2,0,0
1600000960297,1,Home Page,200,,Scenario 1 1-3,text,true,,517,318,4,4,http://localhost:8080/actuator,1,0,0
1600000960338,3,Page Returning 404,200,,Scenario 1 1-4,text,false,"Test failed: code expected to equal /

****** received  : [[[200]]]

****** comparison: [[[404]]]

/",215,325,4,4,http://localhost:8080/actuator/health,2,0,0
1600000960341,2,Home Page,200,,Scenario 1 1-4,text,true,,517,318,4,4,http://localhost:8080/actuator,2,0,0
1600000960380,2,Page Returning 404,200,,Scenario 1 1-1,text,false,"Test failed: code expected to equal /

****** received  : [[[200]]]

****** comparison: [[[404]]]

/",215,325,4,4,http://localhost:8080/actuator/health,2,0,0
1600000960383,1,Home Page,200,,Scenario 1 1-1,text,true,,517,318,4,4,http://localhost:8080/actuator,1,0,0
1600000960416,4,Page Returning 404,200,,Scenario 1 1-2,text,false,"Test failed: code expected to equal /

****** received  : [[[200]]]

****** comparison: [[[404]]]

/",215,325,4,4,http://localhost:8080/actuator/health,4,0,0
1600000960422,3,Home Page,200,,Scenario 1 1-2,text,true,,517,318,4,4,http://localhost:8080/actuator,3,0,0
1600000960422,4,Page Returning 404,200,,Scenario 1 1-3,text,false,"Test failed: code expected to equal /

****** received  : [[[200]]]

****** comparison: [[[404]]]

/",215,325,4,4,http://localhost:8080/actuator/health,4,0,0
1600000960427,3,Home Page,200,,Scenario 1 1-3,text,true,,517,318,4,4,http://localhost:8080/actuator,3,0,0
1600000960498,4,Page Returning 404,200,,Scenario 1 1-4,text,false,"Test failed: code expected to equal /

****** received  : [[[200]]]

****** comparison: [[[404]]]

/",215,325,4,4,http://localhost:8080/actuator/health,4,0,0
1600000960503,5,Home Page,200,,Scenario 1 1-4,text,true,,517,318,4,4,http://localhost:8080/actuator,5,0,0
1600000960522,4,Page Returning 404,200,,Scenario 1 1-1,text,false,"Test failed: code expected to equal /

****** received  : [[[200]]]

****** comparison: [[[404]]]

/",215,325,4,4,http://localhost:8080/actuator/health,4,0,0
1600000960527,4,Home Page,200,,Scenario 1 1-1,text,true,,517,318,4,4,http://localhost:8080/actuator,3,0,0
1600000960604,2,Page Returning 404,200,,Scenario 1 1-3,text,false,"Test failed: code expected to equal /

****** received  : [[[200]]]

****** comparison: [[[404]]]

/",215,325,4,4,http://localhost:8080/actuator/health,2,0,0
1600000960606,2,Home Page,200,,Scenario 1 1-3,text,true,,517,318,4,4,http://localhost:8080/actuator,2,0,0
1600000960615,2,Page Returning 404,200,,Scenario 1 1-2,text,false,"Test failed: code expected to equal /

****** received  : [[[200]]]

****** comparison: [[[404]]]

/",215,325,4,4,http://localhost:8080/actuator/health,2,0,0
1600000960618,2,Home Page,200,,Scenario 1 1-2,text,true,,517,318,4,4,http://localhost:8080/actuator,2,0,0
1600000960680,2,Page Returning 404,200,,Scenario 1 1-4,text,false,"Test failed: code expected to equal /

****** received  : [[[200]]]

****** comparison: [[[404]]]

/",215,325,4,4,http://localhost:8080/actuator/health,2,0,0
1600000960683,2,Home Page,200,,Scenario 1 1-4,text,true,,517,318,4,4,http://localhost:8080/actuator,1,0,0
1600000960726,2,Page Returning 404,200,,Scenario 1 1-1,text,false,"Test failed: code expected to equal /

****** received  : [[[200]]]

****** comparison: [[[404]]]

/",215,325,4,4,http://localhost:8080/actuator/health,2,0,0
1600000960729,2,Home Page,200,,Scenario 1 1-1,text,true,,517,318,4,4,http://localhost:8080/actuator,2,0,0
1600000960753,3,Page Returning 404,200,,Scenario 1 1-3,text,false,"Test failed: code expected to equal /

****** received  : [[[200]]]

****** comparison: [[[404]]]

/",215,325,4,4,http://localhost:8080/actuator/health,2,0,0
1600000960756,2,Home Page,200,,Scenario 1 1-3,text,true,,517,318,4,4,http://localhost:8080/actuator,2,0,0
1600000960814,7,Page Returning 404,200,,Scenario 1 1-2,text,false,"Test failed: code expected to equal /

****** received  : [[[200]]]

****** comparison: [[[404]]]

/",215,325,4,4,http://localhost:8080/actuator/health,7,0,0
1600000960823,6,Home Page,200,,Scenario 1 1-2,text,true,,517,318,4,4,http://localhost:8080/actuator,5,0,0
1600000960842,7,Page Returning 404,200,,Scenario 1 1-1,text,false,"Test failed: code expected to equal /

****** received  : [[[200]]]

****** comparison: [[[404]]]

/",215,325,4,4,http://localhost:8080/actuator/health,7,0,0
1600000960851,6,Home Page,200,,Scenario 1 1-1,text,true,,517,318,4,4,http://localhost:8080/actuator,6,0,0
1600000960856,5,Page Returning 404,200,,Scenario 1 1-4,text,false,"Test failed: code expected to equal /

****** received  : [[[200]]]

****** comparison: [[[404]]]

/",215,325,4,4,http://localhost:8080/actuator/health,5,0,0
1600000960862,4,Home Page,200,,Scenario 1 1-4,text,true,,517,318,4,4,http://localhost:8080/actuator,4,0,0
1600000960881,2,Home Page,200,,Scenario 1 1-5,text,true,,517,318,5,5,http://localhost:8080/actuator,2,0,0
1600000960895,2,Page Returning 404,200,,Scenario 1 1-3,text,false,"Test failed: code expected to equal /

****** received  : [[[200]]]

****** comparison: [[[404]]]

/",215,325,5,5,http://localhost:8080/actuator/health,2,0,0
1600000960898,2,Home Page,200,,Scenario 1 1-3,text,true,,517,318,5,5,http://localhost:8080/actuator,2,0,0
1600000960966,9,Page Returning 404,200,,Scenario 1 1-1,text,false,"Test failed: code expected to equal /

****** received  : [[[200]]]

****** comparison: [[[404]]]

/",215,325,5,5,http://localhost:8080/actuator/health,9,0,0
1600000960973,9,Page Returning 404,200,,Scenario 1 1-2,text,false,"Test failed: code expected to equal /

****** received  : [[[200]]]

****** comparison: [[[404]]]

/",215,325,5,5,http://localhost:8080/actuator/health,8,0,0
1600000960977,7,Home Page,200,,Scenario 1 1-1,text,true,,517,318,5,5,http://localhost:8080/actuator,6,0,0
1600000960984,7,Home Page,200,,Scenario 1 1-2,text,true,,517,318,5,5,http://localhost:8080/actuator,6,0,0
1600000960986,6,Page Returning 404,200,,Scenario 1 1-5,text,false,"Test failed: code expected to equal /

****** received  : [[[200]]]

****** comparison: [[[404]]]

/",215,325,5,5,http://localhost:8080/actuator/health,6,0,0
1600000960994,3,Home Page,200,,Scenario 1 1-5,text,true,,517,318,5,5,http://localhost:8080/actuator,3,0,0
1600000961004,3,Page Returning 404,200,,Scenario 1 1-3,text,false,"Test failed: code expected to equal /

****** received  : [[[200]]]

****** comparison: [[[404]]]

/",215,325,5,5,http://localhost:8080/actuator/health,3,0,0
1600000961008,2,Home Page,200,,Scenario 1 1-3,text,true,,517,318,5,5,http://localhost:8080/actuator,1,0,0
1600000961064,7,Page Returning 404,200,,Scenario 1 1-4,text,false,"Test failed: code expected to equal /

****** received  : [[[200]]]

****** comparison: [[[404]]]

/",215,325,5,5,http://localhost:8080/actuator/health,7,0,0
1600000961073,5,Home Page,200,,Scenario 1 1-4,text,true,,517,318,5,5,http://localhost:8080/actuator,4,0,0
1600000961093,7,Page Returning 404,200,,Scenario 1 1-2,text,false,"Test failed: code expected to equal /

****** received  : [[[200]]]

****** comparison: [[[404]]]

/",215,325,5,5,http://localhost:8080/actuator/health,6,0,0
1600000961101,6,Home Page,200,,Scenario 1 1-2,text,true,,517,318,5,5,http://localhost:8080/actuator,6,0,0
1600000961113,7,Page Returning 404,200,,Scenario 1 1-1,text,false,"Test failed: code expected to equal /

****** received  : [[[200]]]

****** comparison: [[[404]]]

/",215,325,5,5,http://localhost:8080/actuator/health,6,0,0
1600000961121,4,Home Page,200,,Scenario 1 1-1,text,true,,517,318,5,5,http://localhost:8080/actuator,3,0,0
1600000961126,3,Page Returning 404,200,,Scenario 1 1-3,text,false,"Test failed: code expected to equal /

****** received  : [[[200]]]

****** comparison: [[[404]]]

/",215,325,5,5,http://localhost:8080/actuator/health,3,0,0
1600000961130,3,Home Page,200,,Scenario 1 1-3,text,true,,517,318,5,5,http://localhost:8080/actuator,3,0,0
1600000961189,7,Page Returning 404,200,,Scenario 1 1-5,text,false,"Test failed: code expected to equal /

****** received  : [[[200]]]

****** comparison: [[[404]]]

/",215,325,5,5,http://localhost:8080/actuator/health,6,0,0
1600000961197,6,Home Page,200,,Scenario 1 1-5,text,true,,517,318,5,5,http://localhost:8080/actuator,5,0,0
1600000961260,7,Page Returning 404,200,,Scenario 1 1-4,text,false,"Test failed: code expected to equal /

****** received  : [[[200]]]

****** comparison: [[[404]]]

/",215,325,5,5,http://localhost:8080/actuator/health,7,0,0
1600000961268,5,Home Page,200,,Scenario 1 1-4,text,true,,517,318,5,5,http://localhost:8080/actuator,5,0,0
1600000961290,7,Page Returning 404,200,,Scenario 1 1-3,text,false,"Test failed: code expected to equal /

****** received  : [[[200]]]

****** comparison: [[[404]]]

/",215,325,5,5,http://localhost:8080/actuator/health,6,0,0
1600000961298,5,Home Page,200,,Scenario 1 1-3,text,true,,517,318,5,5,http://localhost:8080/actuator,5,0,0
1600000961305,7,Page Returning 404,200,,Scenario 1 1-2,text,false,"Test failed: code expected to equal /

****** received  : [[[200]]]

****** comparison: [[[404]]]

/",215,325,5,5,http://localhost:8080/actuator/health,7,0,0
1600000961313,6,Home Page,200,,Scenario 1 1-2,text,true,,517,318,5,5,http://localhost:8080/actuator,6,0,0
1600000961319,6,Page Returning 404,200,,Scenario 1 1-1,text,false,"Test failed: code expected to equal /

****** received  : [[[200]]]

****** comparison: [[[404]]]

/",215,325,5,5,http://localhost:8080/actuator/health,6,0,0
1600000961327,5,Home Page,200,,Scenario 1 1-1,text,true,,517,318,5,5,http://localhost:8080/actuator,5,0,0
1600000961388,7,Page Returning 404,200,,Scenario 1 1-5,text,false,"Test failed: code expected to equal /

****** received  : [[[200]]]

****** comparison: [[[404]]]

/",215,325,5,5,http://localhost:8080/actuator/health,6,0,0
1600000961396,5,Home Page,200,,Scenario 1 1-5,text,true,,517,318,5,5,http://localhost:8080/actuator,5,0,0
1600000961403,6,Page Returning 404,200,,Scenario 1 1-4,text,false,"Test failed: code expected to equal /

****** received  : [[[200]]]

****** comparison: [[[404]]]

/",215,325,5,5,http://localhost:8080/actuator/health,6,0,0
1600000961411,5,Home Page,200,,Scenario 1 1-4,text,true,,517,318,5,5,http://localhost:8080/actuator,5,0,0
1600000961442,3,Page Returning 404,200,,Scenario 1 1-2,text,false,"Test failed: code expected to equal /

****** received  : [[[200]]]

****** comparison: [[[404]]]

/",215,325,5,5,http://localhost:8080/actuator/health,3,0,0
1600000961446,2,Home Page,200,,Scenario 1 1-2,text,true,,517,318,5,5,http://localhost:8080/actuator,2,0,0
1600000961476,3,Page Returning 404,200,,Scenario 1 1-3,text,false,"Test failed: code expected to equal /

****** received  : [[[200]]]

****** comparison: [[[404]]]

/",215,325,5,5,http://localhost:8080/actuator/health,2,0,0
1600000961479,1,Home Page,200,,Scenario 1 1-3,text,true,,517,318,5,5,http://localhost:8080/actuator,1,0,0
1600000961484,2,Page Returning 404,200,,Scenario 1 1-1,text,false,"Test failed: code expected to equal /

****** received  : [[[200]]]

****** comparison: [[[404]]]

/",215,325,5,5,http://localhost:8080/actuator/health,2,0,0
1600000961487,2,Home Page,200,,Scenario 1 1-1,text,true,,517,318,5,5,http://localhost:8080/actuator,2,0,0
1600000961531,6,Page Returning 404,200,,Scenario 1 1-5,text,false,"Test failed: code expected to equal /

****** received  : [[[200]]]

****** comparison: [[[404]]]

/",215,325,5,5,http://localhost:8080/actuator/health,6,0,0
1600000961538,5,Home Page,200,,Scenario 1 1-5,text,true,,517,318,5,5,http://localhost:8080/actuator,5,0,0
1600000961573,6,Page Returning 404,200,,Scenario 1 1-4,text,false,"Test failed: code expected to equal /

****** received  : [[[200]]]

****** comparison: [[[404]]]

/",215,325,5,5,http://localhost:8080/actuator/health,6,0,0
1600000961580,3,Home Page,200,,Scenario 1 1-4,text,true,,517,318,5,5,http://localhost:8080/actuator,3,0,0
1600000961598,3,Page Returning 404,200,,Scenario 1 1-3,text,false,"Test failed: code expected to equal /

****** received  : [[[200]]]

****** comparison: [[[404]]]

/",215,325,5,5,http://localhost:8080/actuator/health,3,0,0
1600000961601,2,Home Page,200,,Scenario 1 1-3,text,true,,517,318,5,5,http://localhost:8080/actuator,2,0,0
1600000961629,3,Page Returning 404,200,,Scenario 1 1-2,text,false,"Test failed: code expected to equal /

****** received  : [[[200]]]

****** comparison: [[[404]]]

/",215,325,5,5,http://localhost:8080/actuator/health,3,0,0
1600000961632,3,Home Page,200,,Scenario 1 1-2,text,true,,517,318,5,5,http://localhost:8080/actuator,3,0,0
1600000961648,3,Page Returning 404,200,,Scenario 1 1-5,text,false,"Test failed: code expected to equal /

****** received  : [[[200]]]

****** comparison: [[[404]]]

/",215,325,5,5,http://localhost:8080/actuator/health,3,0,0
1600000961651,3,Home Page,200,,Scenario 1 1-5,text,true,,517,318,5,5,http://localhost:8080/actuator,2,0,0
1600000961685,3,Page Returning 404,200,,Scenario 1 1-1,text,false,"Test failed: code expected to equal /

****** received  : [[[200]]]

****** comparison: [[[404]]]

/",215,325,5,5,http://localhost:8080/actuator/health,2,0,0
1600000961688,2,Home Page,200,,Scenario 1 1-1,text,true,,517,318,5,5,http://localhost:8080/actuator,2,0,0
1600000961730,6,Page Returning 404,200,,Scenario 1 1-3,text,false,"Test failed: code expected to equal /

****** received  : [[[200]]]

****** comparison: [[[404]]]

/",215,325,5,5,http://localhost:8080/actuator/health,6,0,0
1600000961737,5,Home Page,200,,Scenario 1 1-3,text,true,,517,318,5,5,http://localhost:8080/actuator,4,0,0
1600000961763,6,Page Returning 404,200,,Scenario 1 1-5,text,false,"Test failed: code expected to equal /

****** received  : [[[200]]]

****** comparison: [[[404]]]

/",215,325,5,5,http://localhost:8080/actuator/health,6,0,0
1600000961762,7,Page Returning 404,200,,Scenario 1 1-4,text,false,"Test failed: code expected to equal /

****** received  : [[[200]]]

****** comparison: [[[404]]]

/",215,325,5,5,http://localhost:8080/actuator/health,7,0,0
1600000961771,6,Home Page,200,,Scenario 1 1-5,text,true,,517,318,5,5,http://localhost:8080/actuator,5,0,0
1600000961771,6,Home Page,200,,Scenario 1 1-4,text,true,,517,318,5,5,http://localhost:8080/actuator,6,0,0
1600000961817,2,Page Returning 404,200,,Scenario 1 1-2,text,false,"Test failed: code expected to equal /

****** received  : [[[200]]]

****** comparison: [[[404]]]

/",215,325,3,3,http://localhost:8080/actuator/health,2,0,0
1600000961820,1,Home Page,200,,Scenario 1 1-2,text,true,,517,318,3,3,http://localhost:8080/actuator,1,0,0
1600000961859,4,Page Returning 404,200,,Scenario 1 1-3,text,false,"Test failed: code expected to equal /

****** received  : [[[200]]]

****** comparison: [[[404]]]

/",215,325,2,2,http://localhost:8080/actuator/health,4,0,0
1600000961862,5,Page Returning 404,200,,Scenario 1 1-1,text,false,"Test failed: code expected to equal /

****** received  : [[[200]]]

****** comparison: [[[404]]]

/",215,325,2,2,http://localhost:8080/actuator/health,5,0,0
1600000961864,5,Home Page,200,,Scenario 1 1-3,text,true,,517,318,2,2,http://localhost:8080/actuator,5,0,0
1600000961869,6,Home Page,200,,Scenario 1 1-1,text,true,,517,318,1,1,http://localhost:8080/actuator,5,0,0
